Patron,YR,YD,Error
1,3.846207,5.73,1.883793
2,4.122828,5.68,1.557172
3,3.968379,5.09,1.121621
4,3.625282,1.66,-1.965282
5,4.286589,2.93,-1.356589
6,3.987169,2.07,-1.917169
7,3.860275,5.61,1.749725
8,4.071889,2.79,-1.281889
9,3.837741,5.33,1.492259
10,3.509201,2.47,-1.039201
11,4.17816,3.6,-0.57816
12,3.884952,1.64,-2.244952
13,4.269986,5.15,0.880014
14,4.133778,3.17,-0.963778
15,4.24423,5.2,0.95577
16,3.795732,4.63,0.834268
17,3.759409,5.84,2.080591
18,3.808207,3.43,-0.378207
