Patron,YR,YD,Error
1,4.091295,5.73,1.638705
2,4.048299,5.68,1.631701
3,3.880098,5.09,1.209902
4,4.086721,1.66,-2.426721
5,4.231502,2.93,-1.301502
6,3.811133,2.07,-1.741133
7,3.75978,5.61,1.85022
8,4.206768,2.79,-1.416768
9,4.108135,5.33,1.221865
10,3.215629,2.47,-0.745629
11,4.239584,3.6,-0.639584
12,4.241678,1.64,-2.601678
13,4.290391,5.15,0.859609
14,4.164047,3.17,-0.994047
15,4.615344,5.2,0.584656
16,3.86567,4.63,0.76433
17,3.610572,5.84,2.229428
18,3.95411,3.43,-0.52411
