Patron,YR,YD,Error
1,4.196025,5.73,1.533975
2,4.076286,5.68,1.603714
3,4.128388,5.09,0.961612
4,4.136486,1.66,-2.476486
5,4.029857,2.93,-1.099857
6,4.153771,2.07,-2.083771
7,3.986263,5.61,1.623737
8,3.639739,2.79,-0.849739
9,3.549961,5.33,1.780039
10,3.655457,2.47,-1.185457
11,4.075421,3.6,-0.475421
12,4.128559,1.64,-2.488559
13,3.973507,5.15,1.176493
14,3.749933,3.17,-0.579933
15,4.224094,5.2,0.975906
16,4.182843,4.63,0.447157
17,3.369416,5.84,2.470584
18,4.347698,3.43,-0.917698
