Patron,YR,YD,Error
1,3.919455,5.73,1.810545
2,4.000701,5.68,1.679299
3,3.886705,5.09,1.203295
4,3.82615,1.66,-2.16615
5,4.18515,2.93,-1.25515
6,3.959784,2.07,-1.889784
7,3.901484,5.61,1.708516
8,3.909036,2.79,-1.119036
9,3.884781,5.33,1.445219
10,3.236703,2.47,-0.766703
11,4.216196,3.6,-0.616196
12,4.181627,1.64,-2.541627
13,4.114813,5.15,1.035187
14,3.99398,3.17,-0.82398
15,4.534416,5.2,0.665584
16,4.263906,4.63,0.366094
17,3.397394,5.84,2.442606
18,4.300397,3.43,-0.870397
