Patron,YR,YD,Error
1,0.587547,1.0,0.412453
2,0.791356,1.0,0.208644
3,0.659506,1.0,0.340494
4,0.444587,0.0,-0.444587
5,0.839009,0.0,-0.839009
6,0.634426,0.0,-0.634426
7,0.568214,1.0,0.431786
8,0.779512,0.0,-0.779512
9,0.631686,1.0,0.368314
10,0.399365,0.0,-0.399365
11,0.844694,1.0,0.155306
12,0.627213,0.0,-0.627213
13,0.852612,1.0,0.147388
14,0.807924,0.0,-0.807924
15,0.767529,1.0,0.232471
16,0.626472,1.0,0.373528
17,0.586007,1.0,0.413993
18,0.627199,1.0,0.372801
