Patron,YR,YD,Error
1,0.632759,1.0,0.367241
2,0.7317,1.0,0.2683
3,0.623535,1.0,0.376465
4,0.565109,0.0,-0.565109
5,0.807007,0.0,-0.807007
6,0.597891,0.0,-0.597891
7,0.575218,1.0,0.424782
8,0.748645,0.0,-0.748645
9,0.718254,1.0,0.281746
10,0.293655,0.0,-0.293655
11,0.846346,1.0,0.153654
12,0.766737,0.0,-0.766737
13,0.790006,1.0,0.209994
14,0.780231,0.0,-0.780231
15,0.88473,1.0,0.11527
16,0.78628,1.0,0.21372
17,0.498232,1.0,0.501768
18,0.789046,1.0,0.210954
