Patron,YR,YD,Error
1,0.771193,1.0,0.228807
2,0.754609,1.0,0.245391
3,0.754815,1.0,0.245185
4,0.710251,0.0,-0.710251
5,0.714946,0.0,-0.714946
6,0.723183,0.0,-0.723183
7,0.62755,1.0,0.37245
8,0.581884,0.0,-0.581884
9,0.522766,1.0,0.477234
10,0.503145,0.0,-0.503145
11,0.757887,1.0,0.242113
12,0.741129,0.0,-0.741129
13,0.692362,1.0,0.307638
14,0.634678,0.0,-0.634678
15,0.721793,1.0,0.278207
16,0.799744,1.0,0.200256
17,0.452436,1.0,0.547564
18,0.841388,1.0,0.158612
